SIGNEDA;68292514AC;крило праве GORDON дуже гарної якості;110;1;0;https://i.avto.pro/partimage/337792/68292514ac-id-1409-86817b6943b9d4f59a322ccf5073c31f.jpg,https://i.avto.pro/partimage/337792/68292514ac-id-1409-8a73f204b5988b05f265695734cef02b.jpg,https://i.avto.pro/partimage/337792/68292514ac-id-1409-b042338a8c13f5b702ee5b8175c94178.jpg;SIGNEDA;68292514AC;;1;;;;;0;1
SIGNEDA;PCR03005A;Суппорт радиатора в сборе COMPASS II;110;1;0;;SIGNEDA;PCR03005A;;1;;;;;0;0
SIGNEDA;PCR20030A;Tong Yang Капот jeep compass 2017-;150;1;0;;SIGNEDA;Pcr20030a;;1;;;;;0;0
SIGNEDA;PVG20078A;Капот виробник GORDON Tiguan 2018-;190;14;0;;SIGNEDA;PVG20078A;;1;;;;;0;0
SIGNEDA;PVG20097A;Капот Jetta mk7 2019- ;150;1;0;https://i.avto.pro/partimage/337792/pvg20097a-id-1409-97505b904bedea10b36fd54b20db8568.jpg;SIGNEDA;PVG20097A;;1;;;;;0;1
SIGNEDA;RC940934;Радіатор кондиціонера cherokee 2019- ;95;1;0;https://i.avto.pro/partimage/337792/rc940934-id-1409-9b48ed0491ba09e4d8ef4eb0b3dd3de7.jpg;SIGNEDA;RC940934;;1;;;;;0;1
POLCAR;34L1081;Радіатор охолодження двигуна Renegade 2.4;65;1;0;https://i.avto.pro/partimage/337792/34l1081-id-1697-ae6eb4fe6349040fdbe724c102b3d786.jpg,https://i.avto.pro/partimage/337792/34l1081-id-1697-a208b8ae50e3a82ab8ba5bc1f3d2e1f6.jpg;POLCAR;34L1081;;0;;;;;0;1
POLCAR;95D323W1;Дифузор радіатора охолодження, в зборі з двигуном і крильчаткою;230;1;0;;POLCAR;95D323W1;;1;;;;;0;0
NISSAN;284385FA4A;Блок керування круїз-контролем новий;87;1;0;https://i.avto.pro/partimage/337792/284385fa4a-id-174-5e6d04cde741b464c89d5c4cbb70fc84.jpg,https://i.avto.pro/partimage/337792/284385fa4a-id-174-0340a9771bfd5dc93d7bff5cd5841f07.jpg,https://i.avto.pro/partimage/337792/284385fa4a-id-174-65cc8785289cea227eb38d66ddf64a30.jpg;NISSAN;284385FA4A;;1;;;;;0;1
NISSAN;284385FA4A;Блок керування круїз-контролем новий;87;1;1;https://i.avto.pro/partimage/337792/284385fa4a-id-174-5e6d04cde741b464c89d5c4cbb70fc84.jpg,https://i.avto.pro/partimage/337792/284385fa4a-id-174-0340a9771bfd5dc93d7bff5cd5841f07.jpg,https://i.avto.pro/partimage/337792/284385fa4a-id-174-65cc8785289cea227eb38d66ddf64a30.jpg;NISSAN;284385FA4A;;1;;;;;0;1
NISSAN;545006RR0B;НОВИЙ  ЯКІСНИЙ ЗАМІННИК важіль передній  правий Rogue t33;95;1;0;https://i.avto.pro/partimage/337792/545006rr0b-id-174-8b4be97095f94111ee28e3ffa207a18c.jpg,https://i.avto.pro/partimage/337792/545006rr0b-id-174-f427a8dc489d41969acc48989e468d54.jpg,https://i.avto.pro/partimage/337792/545006rr0b-id-174-f467c7002d58bb3bfea79809c888ea18.jpg;NISSAN;545006RR0B;;0;;;;;0;1
NISSAN;545016RA0B;НОВИЙ ЯКІСНИЙ ЗАМІННИК важіль передній лівий Rogue t33;94;1;0;https://i.avto.pro/partimage/337792/545016ra0b-id-174-8b4be97095f94111ee28e3ffa207a18c.jpg,https://i.avto.pro/partimage/337792/545016ra0b-id-174-f427a8dc489d41969acc48989e468d54.jpg,https://i.avto.pro/partimage/337792/545016ra0b-id-174-f467c7002d58bb3bfea79809c888ea18.jpg;NISSAN;545016RA0B;;1;;;;;0;1
NISSAN;545016RR0B;НОВИЙ ЯКІСНИЙ ЗАМІННИК важіль передній лівий Rogue t33;94;1;0;https://i.avto.pro/partimage/337792/545016rr0b-id-174-8b4be97095f94111ee28e3ffa207a18c.jpg,https://i.avto.pro/partimage/337792/545016rr0b-id-174-f427a8dc489d41969acc48989e468d54.jpg,https://i.avto.pro/partimage/337792/545016rr0b-id-174-f467c7002d58bb3bfea79809c888ea18.jpg;NISSAN;545016RR0B;;1;;;;;0;1
NISSAN;926004BB2A;Новий Шків компресора кондиціонера з електромагнітною муфтою nissan rogue t32 ;85;1;1;https://i.avto.pro/partimage/337792/926004bb2a-id-174-eadb3911edfd295efa5a1a44872a6b2e.jpg,https://i.avto.pro/partimage/337792/926004bb2a-id-174-dc7e81f7502ea1974e4d1406ee54d7a4.jpg;NISSAN;926004BB2A;;1;;;;;0;1
TOYOTA;5142048040;новий аналог, гарна якість захист двигуна TOYOTA VENZA;150;10;1;https://i.avto.pro/partimage/337792/5142048040-id-188-829893e5bb0560984c3aceb581377eb5.jpg,https://i.avto.pro/partimage/337792/5142048040-id-188-c5a9914041642b01ea815c5ce5094654.jpg;TOYOTA;51420-48040;;1;;;;;0;1
TOYOTA;893410E040;парктронік toyota / lexus новий;40;1;0;https://i.avto.pro/partimage/337792/893410e040-id-188-5196ff41d0e7bb619d33ec9d21b430ca.jpg,https://i.avto.pro/partimage/337792/893410e040-id-188-0b1e468c959a945050fb08f28b97da0f.jpg,https://i.avto.pro/partimage/337792/893410e040-id-188-c15ff16ac3a6a462548772a6bbbaa462.jpg;TOYOTA;893410E040 ;;1;;;;;0;1
FPS;FP1237280P;Капот AUDI A5  2018- залізний;380;1;0;;FPS;FP 1237 280-P;;1;;;;;0;0
ABE;C32154ABE;Диск тормозной передний;25;1;0;;ABE;C32154ABE;;1;;;;;0;0
CHRYSLER;68081821AA;новий аналог Колектор випускний Jeep Compass 2.4 2017-  , на останніх фото є порівняння з оригіналом.;350;1;0;https://i.avto.pro/partimage/337792/68081821aa-id-212-6f485c22b907397384dc807a40187166.jpg,https://i.avto.pro/partimage/337792/68081821aa-id-212-c210dcaf51868a99cb38a140259850dd.jpg,https://i.avto.pro/partimage/337792/68081821aa-id-212-72cb5cc4e8a312e1e88f4973daeee1d1.jpg,https://i.avto.pro/partimage/337792/68081821aa-id-212-ff3b53ca7b573672d849e01be5cbfbeb.jpg,https://i.avto.pro/partimage/337792/68081821aa-id-212-2098e6e1e041058b05d3d19af19e16a8.jpg,https://i.avto.pro/partimage/337792/68081821aa-id-212-1244b5148f9461032b206987c3223435.jpg,https://i.avto.pro/partimage/337792/68081821aa-id-212-3fbd8fe7822f344b8c9b4acfaf84e7a0.jpg,https://i.avto.pro/partimage/337792/68081821aa-id-212-2e1b5db0bb09433d2805d4f05d715f45.jpg;CHRYSLER;68081821AA;;1;;;;;0;1
CHRYSLER;68243736AF;Аналог гарної якості панель радіаторів jeep compass 2017-;110;1;0;https://i.avto.pro/partimage/337792/68243736af-id-212-c66ac4f23f2f52d7a47a82238d41f780.jpg,https://i.avto.pro/partimage/337792/68243736af-id-212-e58c399fa8563e84d591d10ae88e474a.jpg;CHRYSLER;68243736AF;;1;;;;;0;1
CHRYSLER;68247352AA;НОВИЙ ЗАМІННИК Повітрозабірник повітряного фільтра;49;1;1;https://i.avto.pro/partimage/337792/68247352aa-id-212-47ca5e2f0c3cf178811919daf67d56fe.jpg;CHRYSLER;68247352AA;;0;;;;;0;1
CHRYSLER;68249896AC;новий аналог, дуже якісний патрубок радіатора JEEP COMPASS 2017+;46;1;0;https://i.avto.pro/partimage/337792/68249896ac-id-212-6438a520c61267d442ad02f96ec0f33a.jpg,https://i.avto.pro/partimage/337792/68249896ac-id-212-af26e3b729c40dfaece5a196503c9bb7.jpg,https://i.avto.pro/partimage/337792/68249896ac-id-212-9c602c5fcb689b7f9e0829f8d17caffb.jpg;CHRYSLER;68249896AC;;1;;;;;0;1
CHRYSLER;68249896AC;Новий аналог, дуже якісний патрубок радіатора JEEP COMPASS 2017+;46;1;1;https://i.avto.pro/partimage/337792/68249896ac-id-212-6438a520c61267d442ad02f96ec0f33a.jpg,https://i.avto.pro/partimage/337792/68249896ac-id-212-af26e3b729c40dfaece5a196503c9bb7.jpg,https://i.avto.pro/partimage/337792/68249896ac-id-212-9c602c5fcb689b7f9e0829f8d17caffb.jpg;CHRYSLER;68249896AC;;1;;;;;0;1
CHRYSLER;68251622AB;НОВИЙ АНАЛОГ ГАРНОЇ ЯКОСТІ резонатор GRAND Cheroke / Dodge Durango;140;1;0;https://i.avto.pro/partimage/337792/68251622ab-id-212-ea31b90f6d46f2d0794587e05d007b5e.jpg,https://i.avto.pro/partimage/337792/68251622ab-id-212-890149906ec9db00444b87c39de45e60.jpg;CHRYSLER;68251622AB;;1;;;;;0;1
CHRYSLER;68253034AB;НОВА АНАЛОГ Подушка АКПП ліва AWD Compass 2;50;1;1;https://i.avto.pro/partimage/337792/68253034ab-id-212-d2a27ba379dae400dd77eca66d985329.jpg,https://i.avto.pro/partimage/337792/68253034ab-id-212-3acc84c1eb701af73c92e05713473994.jpg;CHRYSLER;68253034AB ;;1;;;;;0;1
CHRYSLER;68310928AA;Насос-двигун омивача скла, переднього аналог;9;1;0;https://i.avto.pro/partimage/337792/68310928aa-id-212-1187339a91d3d07ee2ab7e848e8c1add.jpg,https://i.avto.pro/partimage/337792/68310928aa-id-212-63d5a7deea11bdf6820bca7bb9b684e4.jpg;CHRYSLER;68310928AA ;;1;;;;;0;1
CHRYSLER;68328737AA;НОВА АНАЛОГ подушка двигуна права Compass 2;60;1;1;https://i.avto.pro/partimage/337792/68328737aa-id-212-f264d01ca9bdb15cb4203fba702bc20b.jpg;CHRYSLER;68328737AA;;0;;;;;0;1
CHRYSLER;68363756AA;НОВА АНАЛОГ Подушка АКПП ліва AWD Compass 2;50;1;1;https://i.avto.pro/partimage/337792/68363756aa-id-212-d2a27ba379dae400dd77eca66d985329.jpg,https://i.avto.pro/partimage/337792/68363756aa-id-212-3acc84c1eb701af73c92e05713473994.jpg;CHRYSLER;68363756AA;;1;;;;;0;1
CHRYSLER;68399028AA;Радіатор кондиціонера cherokee 2019- ;85;1;0;https://i.avto.pro/partimage/337792/68399028aa-id-212-9b48ed0491ba09e4d8ef4eb0b3dd3de7.jpg;CHRYSLER;68399028AA ;;1;;;;;0;1
CHRYSLER;68467948AB;Буфер/відбійник капота;3;1;0;https://i.avto.pro/partimage/337792/68467948ab-id-212-1412ddb1cf3c170238d532b67cbeb502.jpg,https://i.avto.pro/partimage/337792/68467948ab-id-212-73dc5c7008f8eb4b71133dc0741e8159.jpg;CHRYSLER;68467948AB;;1;;;;;0;1
CHRYSLER;68483908AA;відбійник капота JEEP COMPASS / CHEROKEE;4.5;1;0;https://i.avto.pro/partimage/337792/68483908aa-id-212-7d5206e5e9495cc71e09feccfa472c33.jpg;CHRYSLER;68483908AA;;0;;;;;0;1
КИТАЙ;17A853651RIDJ;Решітка радіатора Jetta mk7  дуже гарної якості з ущільнювачами;100;1;0;https://i.avto.pro/partimage/337792/17a853651ridj-id-2158-16e42f047986bc966e2d647653ecd7b7.jpg,https://i.avto.pro/partimage/337792/17a853651ridj-id-2158-b74a1c8e368198d3340e73776570384d.jpg,https://i.avto.pro/partimage/337792/17a853651ridj-id-2158-3aaae71332ce3cbdcd67336163bf795b.jpg;КИТАЙ;17A853651RIDJ;;0;;;;;0;1
КИТАЙ;68243850AA;TONG YANG преміальна якість Крило переднє праве;65;1;0;;КИТАЙ;68243850AA;;1;;;;;0;0
КИТАЙ;68243851AA;TONG YANG преміальна якість Крило переднє ліве;65;1;0;;КИТАЙ;68243851AA;;1;;;;;0;0
КИТАЙ;68246572AA;НОВА АНАЛОГ Подушка (опора) двигателя правая;60;1;1;https://i.avto.pro/partimage/337792/68246572aa-id-2158-f264d01ca9bdb15cb4203fba702bc20b.jpg;КИТАЙ;68246572AA;;0;;;;;0;1
КИТАЙ;68253038AB;НОВА АНАЛОГ подушка АКПП ліва FWD Compass 2;55;1;1;https://i.avto.pro/partimage/337792/68253038ab-id-2158-efb943bbcb8ccd26c94e560df643f579.jpg,https://i.avto.pro/partimage/337792/68253038ab-id-2158-1bfc88b56c0c8ab2860e87f149c3a764.jpg;КИТАЙ;68253038AB;;1;;;;;0;1
MARKET (OEM);06K103600R;Піддон масляний картера двигуна, нижня частина;50;1;0;;MARKETOEM;06K103600R;;1;;;;;0;0
MARKET (OEM);17A805705E;АНАЛОГ Jetta mk7 USA АМЕРИКА Кронштейн бампера переднього, центральний;17.5;1;0;https://i.avto.pro/partimage/337792/17a805705e-id-277-bdc588126aa48de691be00356a9b384b.jpg,https://i.avto.pro/partimage/337792/17a805705e-id-277-fa810117e6564b19db2f347f2eb44dba.jpg;MARKETOEM;17A805705E;;1;;;;;0;1
MARKET (OEM);3CN823031J;Капот VW ATLAS 2018-2021;185;1;0;;MARKETOEM;3CN823031J;;1;;;;;0;0
MARKET (OEM);3Q0121205B;Дифузор з вентилятором взборі VW Tiguan / Audi Q3 дуже якісний аналог ;270;1;0;https://i.avto.pro/partimage/337792/3q0121205b-id-277-6f01ccc4b102f5e0c96cc9ee700f5727.jpg,https://i.avto.pro/partimage/337792/3q0121205b-id-277-e6f5754575046744e5c9dafef73f33e6.jpg;MARKETOEM;3Q0121205B;;1;;;;;0;1
MARKET (OEM);400144BA0A;Цапфа - поворотний кулак передній, правий аналог дуже якісний є ліві і праві;47;1;0;https://i.avto.pro/partimage/337792/400144ba0a-id-277-4cfc4a19606f2c174fa13994ab123d2b.jpg,https://i.avto.pro/partimage/337792/400144ba0a-id-277-78f06d566b017d641de945e3c87b1211.jpg,https://i.avto.pro/partimage/337792/400144ba0a-id-277-27e035a84905468ee457972793f8b39e.jpg,https://i.avto.pro/partimage/337792/400144ba0a-id-277-a11097896f8d06e359cf103a8468b56d.jpg,https://i.avto.pro/partimage/337792/400144ba0a-id-277-20b2c598dd9b3af3503f7bb7c84ea25c.jpg;MARKETOEM;400144BA0A;;1;;;;;0;1
MARKET (OEM);400154BA0A;Цапфа - поворотний кулак передній, лівий аналог дуже якісний є ліві і праві;47;1;0;https://i.avto.pro/partimage/337792/400154ba0a-id-277-4cfc4a19606f2c174fa13994ab123d2b.jpg,https://i.avto.pro/partimage/337792/400154ba0a-id-277-78f06d566b017d641de945e3c87b1211.jpg,https://i.avto.pro/partimage/337792/400154ba0a-id-277-27e035a84905468ee457972793f8b39e.jpg,https://i.avto.pro/partimage/337792/400154ba0a-id-277-a11097896f8d06e359cf103a8468b56d.jpg,https://i.avto.pro/partimage/337792/400154ba0a-id-277-20b2c598dd9b3af3503f7bb7c84ea25c.jpg,https://i.avto.pro/partimage/337792/400154ba0a-id-277-881f105539f41c49de80d2b4b2d0b508.jpg;MARKETOEM;400154BA0A;;0;;;;;0;1
MARKET (OEM);68292514AB;крило ліве TONG YANG дуже гарної якості Cherokee 2019-;110;1;0;https://i.avto.pro/partimage/337792/68292514ab-id-277-ba5fbaacdd618aea8c30db74514bc780.jpg,https://i.avto.pro/partimage/337792/68292514ab-id-277-e953a537c911e435ed56aeceb8522c23.jpg,https://i.avto.pro/partimage/337792/68292514ab-id-277-fd301b3e55e8cc7239eb3cda544988e0.jpg;MARKETOEM;68292514AB;;0;;;;;0;1
MARKET (OEM);68292514AC;крило праве GORDON дуже гарної якості Cherokee 2019-;90;1;0;https://i.avto.pro/partimage/337792/68292514ac-id-277-86817b6943b9d4f59a322ccf5073c31f.jpg,https://i.avto.pro/partimage/337792/68292514ac-id-277-8a73f204b5988b05f265695734cef02b.jpg,https://i.avto.pro/partimage/337792/68292514ac-id-277-b042338a8c13f5b702ee5b8175c94178.jpg;MARKETOEM;68292514AC ;;1;;;;;0;1
HYUNDAI;25310J9910;НОВИЙ АНАЛОГ радіатор охолодження  Hyundai KONA 2.0   ;105;1;0;;HYUNDAI;25310J9910;;1;;;;;0;0
VAG;06K103600AA;НОВИЙ аналог якісний пластиковий піддон масляний двигуна, нижня частина;50;1;1;https://i.avto.pro/partimage/337792/06k103600aa-id-44-6ddf4f29442f4aa0f9b2fe665ef45cad.jpg,https://i.avto.pro/partimage/337792/06k103600aa-id-44-aafab5131856dc76a879687fb9ad4d21.jpg;VAG;06K103600AA ;;1;;;;;0;1
VAG;06L103603AG;Піддон масляний картера двигуна, верхня частина НОВИЙ АНАЛОГ;150;1;0;https://i.avto.pro/partimage/337792/06l103603ag-id-44-ecb40c861d2ba6ddb8ce922477e09c6c.jpg,https://i.avto.pro/partimage/337792/06l103603ag-id-44-fbff89ccff49d1cc54f9a075954b1d4f.jpg;VAG;06l103603ag;;1;;;;;0;1
VAG;09P321361;Новий аналог гарна якість Піддон АКПП (також є прокладка);100;1;1;https://i.avto.pro/partimage/337792/09p321361-id-44-6b3c62878adb1572fb51cdc00a5a8298.jpg,https://i.avto.pro/partimage/337792/09p321361-id-44-9db7d7c23e735c1a98beb784bdeafc4c.jpg,https://i.avto.pro/partimage/337792/09p321361-id-44-9e0b67aea2344a0a1d254be96d29ca36.jpg,https://i.avto.pro/partimage/337792/09p321361-id-44-0958ea00de8f2ee7281e0f3716fc4940.jpg;VAG;09P321361;;1;;;;;0;1
VAG;09S321361;НОВИЙ АНАЛОГ Піддон АКПП 2019 Jetta mk7 1.4 2019 Golf 1.4 (маємо також прокладку 600 грн);100;1;1;https://i.avto.pro/partimage/337792/09s321361-id-44-336750f894ccc6a0682f693228532a48.jpg,https://i.avto.pro/partimage/337792/09s321361-id-44-f8f2f94404a6eab2dbf3cf9e0bd24c42.jpg,https://i.avto.pro/partimage/337792/09s321361-id-44-66cf11d0d3c9d33aafd64b7be1102171.jpg,https://i.avto.pro/partimage/337792/09s321361-id-44-29e12cf1fede1266c46719052db33734.jpg;VAG;09S321361;;1;;;;;0;1
VAG;17A805588E;телевізор новий TONG YANG широкий для америки;123;1;1;;VAG;17A805588E;;1;;;;;0;0
VAG;17A807109Q;Дуже якісний аналог НЕ КИТАЙ, товстий важкий Підсилювач бампера переднього;90;1;1;https://i.avto.pro/partimage/337792/17a807109q-id-44-eb7d3541e8065ddf9394ab006099d5d5.jpg,https://i.avto.pro/partimage/337792/17a807109q-id-44-767381e08071c2f47182727f5b0070b0.jpg,https://i.avto.pro/partimage/337792/17a807109q-id-44-28112d4cd423f33236f0a79759cd3cd7.jpg;VAG;17A807109Q;;1;;;;;0;1
VAG;2GJ805911E;аналог новий підкрилок переднього крила, лівий VW TAOS;50;1;1;;VAG;2GJ805911E;;1;;;;;0;0
VAG;2GJ805912E;Аналог новий підкрилок переднього крила, правий VW TAOS ;50;1;1;;VAG;2GJ805912E;;1;;;;;0;0
VAG;2GJ807221B041;бампер передній VW TAOS в зборі  (решітка радіатора окремо);600;1;0;https://i.avto.pro/partimage/337792/2gj807221b041-id-44-6ce6d9e5b00c1eeba3f5293b2334b4e4.jpg,https://i.avto.pro/partimage/337792/2gj807221b041-id-44-9f825930a225d53d313e498a6b52e591.jpg,https://i.avto.pro/partimage/337792/2gj807221b041-id-44-09bb867e8c468ec08e36f77c5468a638.jpg;VAG;2GJ807221B041;;1;;;;;0;1
VAG;2GJ8548199B9;Розширювач переднього крила, лівий аналог, дуже гарної якості;70;1;0;https://i.avto.pro/partimage/337792/2gj8548199b9-id-44-bf7737b96ca6a5848cb30a5dde20a27b.jpg,https://i.avto.pro/partimage/337792/2gj8548199b9-id-44-7334cd613f60731bebb6b063be3ddb71.jpg;VAG;2GJ8548199B9;;1;;;;;0;1
VAG;2GJ8548209B9;Розширювач переднього крила, правий TAOS аналог, дуже гарної якості;70;1;0;https://i.avto.pro/partimage/337792/2gj8548209b9-id-44-becb575796c25dc3f7a5be938d0d9cc4.jpg,https://i.avto.pro/partimage/337792/2gj8548209b9-id-44-b63978e3e6897da0a13ab410cda26e2b.jpg;VAG;2GJ8548209B9;;1;;;;;0;1
VAG;2GM853601E;Емблема під радар golf 7 Passat b8 Jetta t-roc;32.8;1;0;https://i.avto.pro/partimage/337792/2gm853601e-id-44-512aeb7ee24374ec8915cbf31523ab24.jpg,https://i.avto.pro/partimage/337792/2gm853601e-id-44-0361e4ce506f2b47f65c157be5df3679.jpg,https://i.avto.pro/partimage/337792/2gm853601e-id-44-88cf9505adb4554c757e44b64da7b58e.jpg;VAG;2GM853601E;;1;;;;;0;1
VAG;3Q0121205B;НОВИЙ АНАЛОГ Диффузор радиатора охлаждения Tiguan 2017-2024;250;1;0;https://i.avto.pro/partimage/337792/3q0121205b-id-44-6f01ccc4b102f5e0c96cc9ee700f5727.jpg,https://i.avto.pro/partimage/337792/3q0121205b-id-44-e6f5754575046744e5c9dafef73f33e6.jpg;VAG;3Q0121205B;;1;;;;;0;1
VAG;3QF121207;В ЗБОРІ Дифузор з вентиляторами НОВИЙ;308;1;0;https://i.avto.pro/partimage/337792/3qf121207-id-44-de04e577bdb792dbb88495e8300dead3.jpg,https://i.avto.pro/partimage/337792/3qf121207-id-44-f6557a3a59750c50afc96975f5547372.jpg,https://i.avto.pro/partimage/337792/3qf121207-id-44-a5759e27b473e0e5631607072e53e16c.jpg;VAG;3QF121207;;1;;;;;0;1
VAG;3QF907561D;Радарний датчик дистанції;118;1;0;https://i.avto.pro/partimage/337792/3qf907561d-id-44-e55b44705f87c4370571b6cab74b5acb.jpg,https://i.avto.pro/partimage/337792/3qf907561d-id-44-63a4cbea33e38a92c47c516325ff42a5.jpg,https://i.avto.pro/partimage/337792/3qf907561d-id-44-6ed5e9d211ff67e476526a70f6f73061.jpg;VAG;3QF907561D;;0;;;;;0;1
VAG;3QF959455H;Диффузор vw atlas 23- аналог якісний перевірений ;480;1;0;https://i.avto.pro/partimage/337792/3qf959455h-id-44-de04e577bdb792dbb88495e8300dead3.jpg,https://i.avto.pro/partimage/337792/3qf959455h-id-44-f6557a3a59750c50afc96975f5547372.jpg,https://i.avto.pro/partimage/337792/3qf959455h-id-44-a5759e27b473e0e5631607072e53e16c.jpg;VAG;3QF959455H;;1;;;;;0;1
VAG;561941035B;НОВА АНАЛОГ  гарна якість Passat b9 USA;700;1;1;https://i.avto.pro/partimage/337792/561941035b-id-44-050c31c60cfc3268ea2a9406384e4e88.jpg,https://i.avto.pro/partimage/337792/561941035b-id-44-8d9f20f39758fe013053b044c4b2f82f.jpg;VAG;561941035B;;0;;;;;0;1
VAG;561941036B;НОВА АНАЛОГ гарна якість Passat b9 USA;700;1;1;https://i.avto.pro/partimage/337792/561941036b-id-44-5d4cc75027e0f0f70e936db9ec04aa51.jpg,https://i.avto.pro/partimage/337792/561941036b-id-44-76c5f56e5f3104590b9fded48f45b69d.jpg;VAG;561941036B;;0;;;;;0;1
VAG;5NA821105;виробник GORDON  крило переднє ліве Tiguan 2019-2021;40;1;0;https://i.avto.pro/partimage/337792/5na821105-id-44-428f88de4a9f927f69574110bcb2c71f.jpg;VAG;5NA821105;;1;;;;;0;1
VAG;5NA821106;виробник GORDON  крило переднє праве Tiguan 2019-2021;40;1;0;https://i.avto.pro/partimage/337792/5na821106-id-44-428f88de4a9f927f69574110bcb2c71f.jpg;VAG;5NA821106;;1;;;;;0;1
VAG;5NA853601M;Емблема VW Tiguan 21- під радар ;57;1;0;https://i.avto.pro/partimage/337792/5na853601m-id-44-fba05fdac518b7d693878cf4b9fe3c63.jpg,https://i.avto.pro/partimage/337792/5na853601m-id-44-e8bc73ed02d01be782444dbeb595f82d.jpg;VAG;5NA853601M;;1;;;;;0;1
VAG;5NA853601MDPJ;Емблема решітки радіатора Tiguan 2022 -;69;1;0;https://i.avto.pro/partimage/337792/5na853601mdpj-id-44-b717001f956946f2ed5e976e4ea02619.jpg,https://i.avto.pro/partimage/337792/5na853601mdpj-id-44-38027ba2a800d9ff531767d0fdd4638c.jpg;VAG;5NA853601MDPJ;;1;;;;;0;1
VAG;5Q0121203BK;новий замінник диффузор з вентилятором в зборі Audi a3- Jetta mk7 ;115;1;1;https://i.avto.pro/partimage/337792/5q0121203bk-id-44-d56547e5ca6ce39977ce450ef9f91bb0.jpg,https://i.avto.pro/partimage/337792/5q0121203bk-id-44-05d6aeb53406cd2b1fa4a356963a30ea.jpg;VAG;5Q0121203BK;;1;;;;;0;1
VAG;5Q0121205AQ;НОВИЙ ЗАМІННИК ЯКІСНИЙ диффузор в зборі Jetta mk7 2018- AUDI A3 2012 -;120;1;1;https://i.avto.pro/partimage/337792/5q0121205aq-id-44-d56547e5ca6ce39977ce450ef9f91bb0.jpg,https://i.avto.pro/partimage/337792/5q0121205aq-id-44-05d6aeb53406cd2b1fa4a356963a30ea.jpg;VAG;5Q0121205AQ;;1;;;;;0;1
VAG;5Q0816721AQ;НОВА АНАЛОГ Трубка кондиціонера від компресора до радіатора;60;1;0;;VAG;5Q0816721AQ;;1;;;;;0;0
VAG;5Q0816741C;НОВА АНАЛОГ Трубка кондиціонера від пєчки до радіатора, тоненька Jetta mk7 1.4;60;1;0;;VAG;5Q0816741C;;1;;;;;0;0
VAG;5QM121203H;новий замінник диффузор в зборі VW TAOS 2021-;140;1;1;https://i.avto.pro/partimage/337792/5qm121203h-id-44-d56547e5ca6ce39977ce450ef9f91bb0.jpg,https://i.avto.pro/partimage/337792/5qm121203h-id-44-05d6aeb53406cd2b1fa4a356963a30ea.jpg;VAG;5QM121203H;;1;;;;;0;1
VAG;5QM121251AB;НОВИЙ АНАЛОГ, ЯКІСНИЙ радіатор охолодження VW TAOS 1.5 (також є інші радіатори і диффузор на це авто);120;1;0;https://i.avto.pro/partimage/337792/5qm121251ab-id-44-609b6fa8b6e165ab1e53a08d43da0fd9.jpg,https://i.avto.pro/partimage/337792/5qm121251ab-id-44-70958785850a06e5ff3d6b7505d1f44c.jpg;VAG;5QM121251AB;;1;;;;;0;1
VAG;5QM129607C;Корпус воздушного фильтра JETTA MK7;170;1;0;;VAG;5QM129607C;;1;;;;;0;0
VAG;6C0145770A;НОВИЙ  АНАЛОГ  патрубок інтеркулера, правий є оригінал б/у 85;54.9;1;1;https://i.avto.pro/partimage/337792/6c0145770a-id-44-79404b8babd0283c2dcbcd30876b9aa8.jpg,https://i.avto.pro/partimage/337792/6c0145770a-id-44-43acf6e2a54918b42e5458bae2637fac.jpg,https://i.avto.pro/partimage/337792/6c0145770a-id-44-7e9e01c84a39dafa4a90ca150e7b181a.jpg,https://i.avto.pro/partimage/337792/6c0145770a-id-44-4fedb9bcb444088af3a3fa6eaedbaf1b.jpg;VAG;6C0145770A;;1;;;;;0;1
VAG;80A121207A;НОВИЙ АНАЛОГ Дифузор радіатора охолодження взборі ;270;1;0;https://i.avto.pro/partimage/337792/80a121207a-id-44-269ece1202ffdc4e06a59fbe7351fc86.jpg,https://i.avto.pro/partimage/337792/80a121207a-id-44-e2109614e24b4b0182bcdc0bc3716828.jpg,https://i.avto.pro/partimage/337792/80a121207a-id-44-bac780279969d93b0c5a6b719ef31bbf.jpg;VAG;80A121207A;;0;;;;;0;1
VAG;8W0145805AD;новий якісний аналог Радіатор інтеркуллера Audi A4 B9/ A5 F9/ A6 С8/ A7 C8/ Q5 B9 ;75;1;0;;VAG;8W0145805AD;;1;;;;;0;0
BMW;17219487254;НОВИЙ АНАЛОГ Радіатор охолодження, АКПП X3 G01 з пластиковою рамкою;155;1;0;;BMW;17219487254;;1;;;;;0;0
BMW;51117490203;аналог Бампер передний BMW X3 G01 під камеру і парктроніки;130;1;0;;BMW;5111 7490203;;1;;;;;0;0
